--
-- PostgreSQL database dump
--

-- Dumped from database version 11.9
-- Dumped by pg_dump version 12.0

-- Started on 2022-07-06 09:11:21

SET statement_timeout = 0;
SET lock_timeout = 0;
SET idle_in_transaction_session_timeout = 0;
SET client_encoding = 'UTF8';
SET standard_conforming_strings = on;
SELECT pg_catalog.set_config('search_path', '', false);
SET check_function_bodies = false;
SET xmloption = content;
SET client_min_messages = warning;
SET row_security = off;

SET default_tablespace = '';

--
-- TOC entry 202 (class 1259 OID 1171988)
-- Name: cidade; Type: TABLE; Schema: public; Owner: -
--

CREATE TABLE public.cidade (
    id integer NOT NULL,
    nome text NOT NULL,
    uf character varying(2),
    estado_id integer
);


--
-- TOC entry 201 (class 1259 OID 1171986)
-- Name: cidade_id_seq; Type: SEQUENCE; Schema: public; Owner: -
--

CREATE SEQUENCE public.cidade_id_seq
    AS integer
    START WITH 1
    INCREMENT BY 1
    NO MINVALUE
    NO MAXVALUE
    CACHE 1;


--
-- TOC entry 3396 (class 0 OID 0)
-- Dependencies: 201
-- Name: cidade_id_seq; Type: SEQUENCE OWNED BY; Schema: public; Owner: -
--

ALTER SEQUENCE public.cidade_id_seq OWNED BY public.cidade.id;


--
-- TOC entry 200 (class 1259 OID 1171977)
-- Name: estado; Type: TABLE; Schema: public; Owner: -
--

CREATE TABLE public.estado (
    id integer NOT NULL,
    nome text NOT NULL,
    uf integer
);


--
-- TOC entry 199 (class 1259 OID 1171975)
-- Name: estado_id_seq; Type: SEQUENCE; Schema: public; Owner: -
--

CREATE SEQUENCE public.estado_id_seq
    AS integer
    START WITH 1
    INCREMENT BY 1
    NO MINVALUE
    NO MAXVALUE
    CACHE 1;


--
-- TOC entry 3397 (class 0 OID 0)
-- Dependencies: 199
-- Name: estado_id_seq; Type: SEQUENCE OWNED BY; Schema: public; Owner: -
--

ALTER SEQUENCE public.estado_id_seq OWNED BY public.estado.id;


--
-- TOC entry 197 (class 1259 OID 1148379)
-- Name: games; Type: TABLE; Schema: public; Owner: -
--

CREATE TABLE public.games (
    id integer NOT NULL,
    matricula character varying(100),
    ip character varying(100),
    id_game integer,
    data_votacao date DEFAULT now() NOT NULL
);


--
-- TOC entry 196 (class 1259 OID 1148377)
-- Name: games_id_seq; Type: SEQUENCE; Schema: public; Owner: -
--

CREATE SEQUENCE public.games_id_seq
    AS integer
    START WITH 1
    INCREMENT BY 1
    NO MINVALUE
    NO MAXVALUE
    CACHE 1;


--
-- TOC entry 3398 (class 0 OID 0)
-- Dependencies: 196
-- Name: games_id_seq; Type: SEQUENCE OWNED BY; Schema: public; Owner: -
--

ALTER SEQUENCE public.games_id_seq OWNED BY public.games.id;


--
-- TOC entry 206 (class 1259 OID 1172025)
-- Name: imovel; Type: TABLE; Schema: public; Owner: -
--

CREATE TABLE public.imovel (
    id integer NOT NULL,
    nome character varying(255) NOT NULL,
    pessoa_id integer NOT NULL,
    cep character varying(255),
    rua character varying(255),
    cidade_id integer,
    estado_id integer,
    complemento character varying(255),
    valor numeric(10,0)
);


--
-- TOC entry 205 (class 1259 OID 1172023)
-- Name: imovel_id_seq; Type: SEQUENCE; Schema: public; Owner: -
--

CREATE SEQUENCE public.imovel_id_seq
    AS integer
    START WITH 1
    INCREMENT BY 1
    NO MINVALUE
    NO MAXVALUE
    CACHE 1;


--
-- TOC entry 3399 (class 0 OID 0)
-- Dependencies: 205
-- Name: imovel_id_seq; Type: SEQUENCE OWNED BY; Schema: public; Owner: -
--

ALTER SEQUENCE public.imovel_id_seq OWNED BY public.imovel.id;


--
-- TOC entry 198 (class 1259 OID 1171970)
-- Name: migration; Type: TABLE; Schema: public; Owner: -
--

CREATE TABLE public.migration (
    version character varying(180) NOT NULL,
    apply_time integer
);


--
-- TOC entry 204 (class 1259 OID 1172004)
-- Name: pessoa; Type: TABLE; Schema: public; Owner: -
--

CREATE TABLE public.pessoa (
    id integer NOT NULL,
    nome character varying(255) NOT NULL,
    cpf bigint NOT NULL,
    cep character varying(255),
    rua character varying(255),
    cidade_id integer,
    estado_id integer,
    profissao character varying(255),
    complemento text
);


--
-- TOC entry 203 (class 1259 OID 1172002)
-- Name: pessoa_id_seq; Type: SEQUENCE; Schema: public; Owner: -
--

CREATE SEQUENCE public.pessoa_id_seq
    AS integer
    START WITH 1
    INCREMENT BY 1
    NO MINVALUE
    NO MAXVALUE
    CACHE 1;


--
-- TOC entry 3400 (class 0 OID 0)
-- Dependencies: 203
-- Name: pessoa_id_seq; Type: SEQUENCE OWNED BY; Schema: public; Owner: -
--

ALTER SEQUENCE public.pessoa_id_seq OWNED BY public.pessoa.id;


--
-- TOC entry 3238 (class 2604 OID 1171991)
-- Name: cidade id; Type: DEFAULT; Schema: public; Owner: -
--

ALTER TABLE ONLY public.cidade ALTER COLUMN id SET DEFAULT nextval('public.cidade_id_seq'::regclass);


--
-- TOC entry 3237 (class 2604 OID 1171980)
-- Name: estado id; Type: DEFAULT; Schema: public; Owner: -
--

ALTER TABLE ONLY public.estado ALTER COLUMN id SET DEFAULT nextval('public.estado_id_seq'::regclass);


--
-- TOC entry 3235 (class 2604 OID 1148382)
-- Name: games id; Type: DEFAULT; Schema: public; Owner: -
--

ALTER TABLE ONLY public.games ALTER COLUMN id SET DEFAULT nextval('public.games_id_seq'::regclass);


--
-- TOC entry 3240 (class 2604 OID 1172028)
-- Name: imovel id; Type: DEFAULT; Schema: public; Owner: -
--

ALTER TABLE ONLY public.imovel ALTER COLUMN id SET DEFAULT nextval('public.imovel_id_seq'::regclass);


--
-- TOC entry 3239 (class 2604 OID 1172007)
-- Name: pessoa id; Type: DEFAULT; Schema: public; Owner: -
--

ALTER TABLE ONLY public.pessoa ALTER COLUMN id SET DEFAULT nextval('public.pessoa_id_seq'::regclass);


--
-- TOC entry 3386 (class 0 OID 1171988)
-- Dependencies: 202
-- Data for Name: cidade; Type: TABLE DATA; Schema: public; Owner: -
--

COPY public.cidade (id, nome, uf, estado_id) FROM stdin;
1	Acrelandia	AC	1
2	Assis Brasil	AC	1
3	Brasileia	AC	1
4	Bujari	AC	1
5	Capixaba	AC	1
6	Cruzeiro do Sul	AC	1
7	Epitaciolandia	AC	1
8	Feijo	AC	1
9	Jordao	AC	1
10	Mancio Lima	AC	1
11	Manoel Urbano	AC	1
12	Marechal Thaumaturgo	AC	1
13	Placido de Castro	AC	1
14	Porto Acre	AC	1
15	Porto Walter	AC	1
16	Rio Branco	AC	1
17	Rodrigues Alves	AC	1
18	Santa Rosa	AC	1
19	Sena Madureira	AC	1
20	Senador Guiomard	AC	1
21	Tarauaca	AC	1
22	Xapuri	AC	1
23	Agua Branca	AL	2
24	Alazao	AL	2
25	Alecrim	AL	2
26	Anadia	AL	2
27	Anel	AL	2
28	Anum Novo	AL	2
29	Anum Velho	AL	2
30	Arapiraca	AL	2
31	Atalaia	AL	2
32	Baixa da Onca	AL	2
33	Baixa do Capim	AL	2
34	Balsamo	AL	2
35	Bananeiras	AL	2
36	Barra de Santo Antonio	AL	2
37	Barra de Sao Miguel	AL	2
38	Barra do Bonifacio	AL	2
39	Barra Grande	AL	2
40	Batalha	AL	2
41	Batingas	AL	2
42	Belem	AL	2
43	Belo Monte	AL	2
44	Boa Sorte	AL	2
45	Boa Vista	AL	2
46	Boca da Mata	AL	2
47	Bom Jardim	AL	2
48	Bonifacio	AL	2
49	Branquinha	AL	2
50	Cacimbinhas	AL	2
51	Cajarana	AL	2
52	Cajueiro	AL	2
53	Caldeiroes de Cima	AL	2
54	Camadanta	AL	2
55	Campestre	AL	2
56	Campo Alegre	AL	2
57	Campo Grande	AL	2
58	Canaa	AL	2
59	Canafistula	AL	2
60	Canapi	AL	2
61	Canastra	AL	2
62	Cangandu	AL	2
63	Capela	AL	2
64	Carneiros	AL	2
65	Carrasco	AL	2
66	Cha Preta	AL	2
67	Coite do Noia	AL	2
\.


--
-- TOC entry 3384 (class 0 OID 1171977)
-- Dependencies: 200
-- Data for Name: estado; Type: TABLE DATA; Schema: public; Owner: -
--

COPY public.estado (id, nome, uf) FROM stdin;
1	AC	0
2	AL	0
3	AM	0
4	AP	0
5	BA	0
6	CE	0
7	DF	0
8	ES	0
9	GO	0
10	MA	0
11	MG	0
12	MS	0
13	MT	0
14	PA	0
15	PB	0
16	PE	0
17	PI	0
18	PR	0
19	RJ	0
20	RN	0
21	RO	0
22	RR	0
23	RS	0
24	SC	0
25	SE	0
26	SP	0
27	TO	0
\.


--
-- TOC entry 3381 (class 0 OID 1148379)
-- Dependencies: 197
-- Data for Name: games; Type: TABLE DATA; Schema: public; Owner: -
--

COPY public.games (id, matricula, ip, id_game, data_votacao) FROM stdin;
5		179.162.46.105	53	2019-06-12
6		179.162.46.105	54	2019-06-12
7		179.162.46.105	59	2019-06-12
8		168.228.96.164	52	2019-06-12
9		168.228.96.164	53	2019-06-12
10		168.228.96.164	59	2019-06-12
11		200.137.216.145	52	2019-06-12
12		189.40.79.70	52	2019-06-12
13	20171060140121	200.17.57.30	53	2019-06-12
14	20171060140121	200.17.57.30	59	2019-06-12
15	20171060140121	200.17.57.30	62	2019-06-12
16	20191060140142	200.17.57.30	53	2019-06-12
17	20191060140142	200.17.57.30	54	2019-06-12
18	20191060140142	200.17.57.30	59	2019-06-12
19	20191060140290	200.17.57.30	53	2019-06-12
20	20191060140290	200.17.57.30	54	2019-06-12
21	20191060140290	200.17.57.30	59	2019-06-12
22	20191060410185	200.17.57.30	53	2019-06-12
23	20191060410185	200.17.57.30	54	2019-06-12
24	20191060410185	200.17.57.30	59	2019-06-12
25	20191060140100	200.17.57.30	53	2019-06-12
26	20191060140100	200.17.57.30	54	2019-06-12
27	20191060140100	200.17.57.30	59	2019-06-12
28	20181060140141	200.17.57.30	53	2019-06-12
29	20181060140141	200.17.57.30	54	2019-06-12
30	20181060140141	200.17.57.30	59	2019-06-12
31	20191060140231	200.17.57.30	50	2019-06-12
32	20191060140231	200.17.57.30	53	2019-06-12
33	20191060140231	200.17.57.30	56	2019-06-12
34	20191060140118	200.17.57.30	53	2019-06-12
35	20191060140118	200.17.57.30	58	2019-06-12
36	20191060140118	200.17.57.30	59	2019-06-12
37	20191060140401	200.17.57.30	51	2019-06-12
38	20191060140401	200.17.57.30	52	2019-06-12
39	20191060140401	200.17.57.30	62	2019-06-12
40	20191060140266	200.17.57.30	50	2019-06-12
41	20191060140266	200.17.57.30	53	2019-06-12
42	20191060140266	200.17.57.30	58	2019-06-12
43	20191060140088	200.17.57.30	50	2019-06-12
44	20191060140088	200.17.57.30	52	2019-06-12
45	20191060140088	200.17.57.30	55	2019-06-12
46	20191060140193	200.17.57.30	52	2019-06-12
47	20191060140193	200.17.57.30	55	2019-06-12
48	20191060140193	200.17.57.30	62	2019-06-12
49	20191060140061	200.17.57.30	50	2019-06-12
50	20191060140061	200.17.57.30	53	2019-06-12
51	20191060140061	200.17.57.30	54	2019-06-12
52	20191060140398	200.17.57.30	52	2019-06-12
53	20191060140398	200.17.57.30	55	2019-06-12
54	20191060140398	200.17.57.30	62	2019-06-12
55	20182060140011	200.17.57.30	50	2019-06-12
56	20182060140011	200.17.57.30	52	2019-06-12
57	20182060140011	200.17.57.30	61	2019-06-12
58		189.40.76.85	52	2019-06-12
59	20181060140218	200.17.57.30	50	2019-06-12
60	20181060140218	200.17.57.30	60	2019-06-12
61	20181060140218	200.17.57.30	61	2019-06-12
62	20191060140169	200.17.57.30	52	2019-06-12
63	20191060140169	200.17.57.30	55	2019-06-12
64	20191060140169	200.17.57.30	62	2019-06-12
65	20191060140045	200.17.57.30	50	2019-06-12
66	20191060140045	200.17.57.30	55	2019-06-12
67	20191060140045	200.17.57.30	59	2019-06-12
68	20181060140293	200.17.57.30	50	2019-06-12
69	20181060140293	200.17.57.30	52	2019-06-12
70	20181060140293	200.17.57.30	61	2019-06-12
71	20181060140200	200.17.57.30	50	2019-06-12
72	20181060140200	200.17.57.30	51	2019-06-12
73	20181060140200	200.17.57.30	56	2019-06-12
74	20191060140304	200.17.57.30	52	2019-06-12
75	20191060140304	200.17.57.30	55	2019-06-12
76	20191060140304	200.17.57.30	62	2019-06-12
77	20181060140199	200.17.57.30	51	2019-06-12
78	20181060140199	200.17.57.30	56	2019-06-12
79	20181060140199	200.17.57.30	61	2019-06-12
80	20181060140315	200.17.57.30	51	2019-06-12
81	20181060140315	200.17.57.30	54	2019-06-12
82	20181060140315	200.17.57.30	62	2019-06-12
83		189.40.76.43	52	2019-06-12
84		189.40.76.43	55	2019-06-12
85		189.40.76.43	62	2019-06-12
86	20181060140226	200.17.57.30	51	2019-06-12
87	20181060140226	200.17.57.30	54	2019-06-12
88	20181060140226	200.17.57.30	61	2019-06-12
89	20181060140145	200.17.57.30	50	2019-06-12
90	20181060140145	200.17.57.30	53	2019-06-12
91	20181060140145	200.17.57.30	61	2019-06-12
92	20191060140363	200.17.57.30	50	2019-06-12
93	20191060140363	200.17.57.30	51	2019-06-12
94	20191060140363	200.17.57.30	61	2019-06-12
95	20191400106096	200.17.57.30	52	2019-06-12
96	20191400106096	200.17.57.30	58	2019-06-12
97	20191400106096	200.17.57.30	59	2019-06-12
98	20191060140436	200.17.57.30	51	2019-06-12
99	20191060140436	200.17.57.30	61	2019-06-12
100	20191060140436	200.17.57.30	62	2019-06-12
101	20191060140150	200.17.57.30	50	2019-06-12
102	20191060140150	200.17.57.30	51	2019-06-12
103	20191060140150	200.17.57.30	52	2019-06-12
104	20191060140207	200.17.57.30	53	2019-06-12
105	20191060140207	200.17.57.30	58	2019-06-12
106	20191060140207	200.17.57.30	59	2019-06-12
107		164.41.4.26	50	2019-06-12
108		164.41.4.26	52	2019-06-12
109		164.41.4.26	54	2019-06-12
110	20191060140215	200.17.57.30	52	2019-06-12
111	20191060140215	200.17.57.30	53	2019-06-12
112	20191060140215	200.17.57.30	58	2019-06-12
113		189.7.248.248	58	2019-06-12
114		189.7.248.248	59	2019-06-12
115		2804:d59:1534:dd11:70b2:13b6:e766:94eb	51	2019-06-12
116		2804:d59:1534:dd11:70b2:13b6:e766:94eb	54	2019-06-12
117		2804:d59:1534:dd11:70b2:13b6:e766:94eb	55	2019-06-12
118	20171060030016	200.17.57.30	50	2019-06-12
119	20171060030016	200.17.57.30	51	2019-06-12
120	20171060030016	200.17.57.30	55	2019-06-12
121		179.242.42.70	55	2019-06-12
122		179.242.42.70	56	2019-06-12
123	20171060030148	200.17.57.30	52	2019-06-12
124	20171060030178	200.17.57.30	52	2019-06-12
125	20171060030178	200.17.57.30	58	2019-06-12
126	20171060030253	200.17.57.30	50	2019-06-12
127	20171060030253	200.17.57.30	52	2019-06-12
128	20171060030253	200.17.57.30	55	2019-06-12
129	20171060030156	200.17.57.30	51	2019-06-12
130	20171060030156	200.17.57.30	55	2019-06-12
131	20171060030156	200.17.57.30	62	2019-06-12
132		189.95.4.65	50	2019-06-12
133		189.95.4.65	51	2019-06-12
134		189.95.4.65	55	2019-06-12
135	20191060110154	200.17.57.30	51	2019-06-12
136	20191060110154	200.17.57.30	55	2019-06-12
137	20191060110154	200.17.57.30	61	2019-06-12
138		170.244.149.75	53	2019-06-12
139		170.244.149.75	54	2019-06-12
140		170.244.149.75	59	2019-06-12
141		170.244.149.68	53	2019-06-12
142		170.244.149.68	54	2019-06-12
143		170.244.149.68	59	2019-06-12
144		191.31.170.108	50	2019-06-12
145		191.31.170.108	52	2019-06-12
146		191.31.170.108	55	2019-06-12
147		189.7.45.109	55	2019-06-13
148		189.7.45.109	57	2019-06-13
149		189.7.45.109	62	2019-06-13
150		2804:1b2:183:abc5:a920:f74b:c044:3311	64	2021-09-10
151		2804:1b2:183:abc5:a920:f74b:c044:3311	65	2021-09-10
152		2804:1b2:183:abc5:a920:f74b:c044:3311	68	2021-09-10
153		143.0.252.190	63	2021-09-13
154		143.0.252.190	64	2021-09-13
155		143.0.252.190	69	2021-09-13
156		177.75.51.140	63	2021-09-13
157		177.75.51.140	65	2021-09-13
158		177.75.51.140	67	2021-09-13
159		177.75.58.102	65	2021-09-13
160		179.54.154.114	63	2021-09-13
161		2804:d59:4125:d600:20cc:dac5:27e8:d224	63	2021-09-13
162		2804:d59:4125:d600:20cc:dac5:27e8:d224	65	2021-09-13
163		2804:14c:3f83:229:248b:60eb:f225:20a2	63	2021-09-13
164		2804:14c:3f81:3b4:511f:5b32:6285:9860	63	2021-09-13
165		2804:14c:3f81:3b4:511f:5b32:6285:9860	65	2021-09-13
166		2804:14c:3f85:8043:dd64:e385:3c20:b6d0	64	2021-09-13
167		2804:14c:3f85:8043:dd64:e385:3c20:b6d0	68	2021-09-13
168		2804:14c:3f85:8043:dd64:e385:3c20:b6d0	69	2021-09-13
169		177.75.51.129	69	2021-09-13
170		179.251.22.5	63	2021-09-13
171		179.251.22.5	65	2021-09-13
172		168.228.219.242	63	2021-09-13
173		168.228.219.242	65	2021-09-13
174		168.228.219.242	68	2021-09-13
175		2804:14c:3f89:9bfb:d501:ed33:e192:3bb4	66	2021-09-13
176		177.75.60.145	68	2021-09-13
177		2804:14c:3f89:9bfb:ad1f:b6b8:dd49:949a	66	2021-09-13
178		189.28.9.127	68	2021-09-13
179		177.75.59.151	68	2021-09-13
180		168.228.216.44	68	2021-09-13
181		177.75.59.207	68	2021-09-13
182		45.226.1.129	67	2021-09-13
183		45.226.1.129	68	2021-09-13
184		177.75.51.165	68	2021-09-13
185		2804:14c:3f89:9ea2:156e:b3a9:483a:fcf0	63	2021-09-13
186		168.228.219.164	65	2021-09-13
187		168.228.219.164	67	2021-09-13
188		168.228.219.164	68	2021-09-13
189		128.201.252.243	68	2021-09-13
190		2804:d59:9600:300:90ce:576c:6616:7371	63	2021-09-13
191		2804:d59:9600:300:90ce:576c:6616:7371	65	2021-09-13
192		179.54.144.101	68	2021-09-13
193		189.28.9.131	68	2021-09-13
194		177.75.58.125	68	2021-09-13
195		143.0.252.195	68	2021-09-13
196		45.187.102.15	68	2021-09-13
197		177.129.192.154	67	2021-09-13
198		177.129.192.154	68	2021-09-13
199		143.0.252.199	68	2021-09-13
200		45.178.162.28	68	2021-09-13
201		177.75.60.144	68	2021-09-13
202		45.233.0.254	63	2021-09-13
203		45.233.0.254	68	2021-09-13
204		181.223.253.164	63	2021-09-13
205		177.75.59.254	68	2021-09-13
206		177.75.58.108	68	2021-09-13
207		189.28.13.31	68	2021-09-13
208		2804:14c:3f81:7a:d0c3:e599:2d3f:b4a6	63	2021-09-13
209		2804:14c:3f81:7a:d0c3:e599:2d3f:b4a6	68	2021-09-13
210		2804:388:6069:e14c:94e3:ce3e:3187:4ddc	68	2021-09-13
211		168.0.71.131	65	2021-09-13
212		168.0.71.131	66	2021-09-13
213		168.0.71.131	68	2021-09-13
214		2804:d59:5ef4:2f00:64b2:1f2d:dbfc:4a6a	68	2021-09-13
215		2804:d59:9608:c900:119e:dcee:c01e:ccc2	68	2021-09-13
216		2804:14c:3f85:824c:68d3:2234:cc49:2b1e	68	2021-09-13
217		2804:14c:3f89:84de:21d3:31e:1c9c:4ba7	63	2021-09-13
218		2804:14c:3f89:84de:21d3:31e:1c9c:4ba7	67	2021-09-13
219		2804:14c:3f89:84de:21d3:31e:1c9c:4ba7	68	2021-09-13
220		2804:431:c7ea:2583:2c98:321e:fb50:514e	68	2021-09-13
221		186.235.61.88	68	2021-09-13
222		2804:14c:75aa:6512:f93d:d33d:2b9b:cd13	68	2021-09-13
223		2804:14d:9eb0:17e2:b039:5fe8:e97d:c321	68	2021-09-13
224		45.238.114.123	68	2021-09-13
225		2804:14c:144:4343:5063:218a:9703:426	68	2021-09-13
226		2804:14c:17a:8c95:2cda:52fa:e091:d377	68	2021-09-13
227		2804:14c:d1:6679:40d:8bdc:1193:7a8d	68	2021-09-13
228		45.162.228.98	68	2021-09-13
229		189.28.13.228	68	2021-09-13
230		177.37.85.46	68	2021-09-13
231		45.186.37.3	68	2021-09-13
232		191.162.90.106	68	2021-09-13
233		191.7.190.184	68	2021-09-14
234		200.225.237.146	63	2021-09-14
235		200.225.237.146	68	2021-09-14
236		2804:14d:3e80:87f1:b031:9164:b618:604f	68	2021-09-14
237		168.197.232.149	68	2021-09-14
238		177.75.51.150	68	2021-09-14
239		186.237.10.34	68	2021-09-14
240		2a02:26f7:e514:4000:278f:52ae:18cd:912c	66	2021-09-14
241		2a02:26f7:e514:4000:278f:52ae:18cd:912c	68	2021-09-14
242		2a02:26f7:e514:4000:278f:52ae:18cd:912c	69	2021-09-14
243		2804:18:86f:6054:1:0:333c:7254	68	2021-09-14
244		2804:1b1:2208:3b32:e8fa:d2b1:9c28:3ba2	68	2021-09-14
245		168.181.252.165	68	2021-09-14
246		168.181.252.165	69	2021-09-14
247		170.0.107.61	67	2021-09-14
248		177.75.51.160	68	2021-09-14
249		191.191.180.79	64	2021-09-14
250		191.191.180.79	68	2021-09-14
251		2804:29b8:513a:812:78d8:a892:217e:172d	68	2021-09-14
252		177.75.59.217	68	2021-09-14
253		2804:14c:6321:820d:c98f:abb5:d9d5:8db0	68	2021-09-14
254		2804:3c20:ee20:fb72:5cb4:b09a:7f53:db31	68	2021-09-14
255		187.57.117.79	68	2021-09-14
256		2804:1d20:2100:382:681a:26ba:f6d8:52ee	68	2021-09-14
257		170.231.58.123	68	2021-09-14
258		138.59.211.113	68	2021-09-14
259		179.95.14.173	68	2021-09-14
260		200.9.127.126	64	2021-09-14
261		200.9.127.126	67	2021-09-14
262		200.9.127.126	69	2021-09-14
263		177.35.137.119	68	2021-09-14
264		177.144.191.30	68	2021-09-14
265		2804:1530:106:c94e:1001:8a55:80d9:f5bf	68	2021-09-14
266		2804:431:cfff:d24d:581f:b509:f159:d271	68	2021-09-14
267		170.0.59.207	68	2021-09-14
268		179.177.180.18	68	2021-09-14
269		186.244.47.62	67	2021-09-14
270		2804:214:85b4:b5a6:3405:4da0:dbda:54a5	68	2021-09-14
271		45.175.193.130	64	2021-09-14
272		45.175.193.130	68	2021-09-14
273		164.163.142.134	68	2021-09-14
274		179.251.23.47	68	2021-09-14
275		2804:4ec:121d:2800:599:b42b:5478:7057	68	2021-09-14
276		2804:3b6c:c000:b6:380b:e32b:1d9d:4c7c	68	2021-09-14
277		177.75.51.148	68	2021-09-14
278		2804:18:8ca:3b61:e95a:b999:ca26:d79f	68	2021-09-14
279		168.228.217.59	68	2021-09-14
280		2804:d59:5664:be00:c880:3152:a57e:cc8b	65	2021-09-14
281		2804:d59:5664:be00:c880:3152:a57e:cc8b	67	2021-09-14
282		2804:d59:5664:be00:c880:3152:a57e:cc8b	68	2021-09-14
283		2804:431:c7c5:2cc7:cdfb:19ed:18e0:fe5b	68	2021-09-14
284		189.94.64.45	63	2021-09-14
285		189.94.64.45	66	2021-09-14
286		189.94.64.45	68	2021-09-14
287		177.92.225.170	68	2021-09-14
288		177.75.59.253	63	2021-09-14
289		177.75.59.253	68	2021-09-14
290		2804:14c:3f89:9825:995d:e1d:135a:dea8	64	2021-09-14
291		2804:14c:3f89:9825:995d:e1d:135a:dea8	65	2021-09-14
292		2804:14c:3f89:9825:995d:e1d:135a:dea8	67	2021-09-14
293		2804:431:cff4:a34f:3d41:e484:ac5e:98e9	68	2021-09-14
294		2804:388:5024:bd24:0:21:1bd6:5001	68	2021-09-14
295		2804:35e8:41b9:ed00:2cbe:ae28:b67e:1d11	68	2021-09-14
296		45.189.70.166	68	2021-09-14
297		2804:262c:fe03:5f00:e9c0:b47:43fb:7149	68	2021-09-14
298		2804:431:c7db:3f58:f4e7:89c3:92e4:c479	68	2021-09-14
299		2804:388:a04e:e545:9435:a2b9:19f6:b85e	68	2021-09-14
300		2804:14c:3f84:15d:c41c:13b5:adc:394c	67	2021-09-14
301		2804:14c:3f84:15d:c41c:13b5:adc:394c	68	2021-09-14
302		137.186.107.74	63	2021-09-14
303		137.186.107.74	68	2021-09-14
304		2804:14c:3f89:9d92:cdd1:13b6:1a57:5db6	68	2021-09-14
305		191.55.187.89	68	2021-09-14
306		131.221.234.83	68	2021-09-14
307		200.242.128.178	68	2021-09-14
308		191.242.47.226	68	2021-09-14
309		2804:388:608f:28ba:0:63:f061:5e01	68	2021-09-14
310		200.160.114.180	68	2021-09-14
311		177.129.230.125	68	2021-09-14
312		2804:d59:1602:50f3:9167:a224:dd80:cd7a	63	2021-09-14
313		189.92.220.52	63	2021-09-14
314		177.75.58.99	63	2021-09-14
315		2804:14c:3f81:462:29cb:3ef4:e1b0:a888	63	2021-09-14
316		2804:18:684f:78d5:1:0:aae6:225c	68	2021-09-14
317		2804:14c:3f81:462:d196:183e:3ea6:ad2e	63	2021-09-14
318		213.205.240.78	68	2021-09-14
319		205.164.66.1	68	2021-09-14
320		2804:7f3:8586:aab6:e822:28dd:a328:adf0	68	2021-09-14
321		45.235.47.25	63	2021-09-14
322		2804:d55:35b7:1000:3868:bb95:9f56:36ee	68	2021-09-14
323		2804:14c:f420:816d:953:48d7:b8ed:a3ef	68	2021-09-14
324		177.206.144.232	68	2021-09-14
325		45.4.118.75	68	2021-09-14
326		2804:14c:3f82:137:3050:a74:1275:59b2	68	2021-09-14
327		179.251.154.220	68	2021-09-14
328		2804:18:1835:a22f:1:0:67fa:5b7f	65	2021-09-14
329		2804:18:1835:a22f:1:0:67fa:5b7f	68	2021-09-14
330		2804:d55:5220:c100:2195:a2e3:5f31:2e64	68	2021-09-15
331		2804:14c:3f89:9bfb:5ddb:3760:f94:ab58	66	2021-09-15
332		2804:431:d71d:eabd:4109:1f4b:c798:4743	67	2021-09-15
333		2804:431:d71d:eabd:4109:1f4b:c798:4743	68	2021-09-15
334		177.75.59.139	63	2021-09-15
335		177.75.59.139	65	2021-09-15
336		177.75.51.154	68	2021-09-15
337		2804:14c:3f85:8397:4ceb:3d8:76bf:bb4d	68	2021-09-15
338		189.123.63.54	68	2021-09-15
339		189.5.138.10	63	2021-09-16
340		168.194.251.140	63	2021-09-16
341		168.194.251.140	65	2021-09-16
342		168.194.251.140	69	2021-09-16
343		187.61.120.26	64	2021-09-16
344		187.61.120.26	65	2021-09-16
345		187.61.120.26	67	2021-09-16
346		2804:7f3:684:4a05:482c:a77c:aa32:db44	63	2021-09-16
347		2804:7f3:684:4a05:482c:a77c:aa32:db44	65	2021-09-16
348		2804:7f3:684:4a05:482c:a77c:aa32:db44	68	2021-09-16
349		189.31.14.252	63	2021-09-16
350		189.31.14.252	67	2021-09-16
351		189.31.14.252	69	2021-09-16
352		177.133.14.178	63	2021-09-16
353		177.133.14.178	64	2021-09-16
354		177.133.14.178	65	2021-09-16
355		170.238.53.156	67	2021-09-16
356		45.237.121.218	63	2021-09-16
357		45.237.121.218	66	2021-09-16
358		45.237.121.218	67	2021-09-16
359		2804:214:82cd:53a6:4ae9:6270:c799:c2eb	63	2021-09-16
360		2804:214:82cd:53a6:4ae9:6270:c799:c2eb	65	2021-09-16
361		2804:d59:41f7:0:c068:2708:cb21:b086	63	2021-09-16
362		186.223.232.92	63	2021-09-18
363		2804:14c:3f89:8fb0:600c:770f:381c:68cd	64	2021-09-20
364		191.219.4.159	64	2021-09-20
365		168.228.219.213	64	2021-09-20
366		2804:14c:3f89:8a03:c2e:4fa0:487d:e4a1	64	2021-09-20
367		2804:14c:3f89:8a03:e898:52c0:b35f:9ab5	64	2021-09-20
368		2804:14c:3f83:181:388b:13c4:4ce5:8650	64	2021-09-20
369		187.17.149.193	64	2021-09-20
370		170.80.40.21	64	2021-09-20
371		2804:14c:3f89:80db:f1d9:4559:aab:b1d3	64	2021-09-20
372		179.54.145.111	64	2021-09-20
373		170.82.205.189	64	2021-09-20
374		2804:14c:3f89:8a03:f279:59ff:fee1:1ccc	64	2021-09-20
375		2804:14c:3f89:8a03:b416:c1dd:16ec:3e4	64	2021-09-20
376		2804:18:18b1:514a:7528:ab26:d976:bd4e	64	2021-09-20
377		179.54.150.209	64	2021-09-20
378		189.28.10.116	64	2021-09-20
379		168.0.68.141	64	2021-09-20
380		189.28.7.42	64	2021-09-20
381		187.19.5.121	64	2021-09-20
382		201.71.33.93	64	2021-09-20
383		2804:14d:1499:8da4:8884:9442:41fb:a45a	64	2021-09-20
384		2804:14d:1499:8da4:8884:9442:41fb:a45a	67	2021-09-20
385		2804:14d:1499:8da4:8884:9442:41fb:a45a	68	2021-09-20
386		2804:431:c7d1:2ec8:1106:e01c:9296:e42b	64	2021-09-20
387		179.189.94.245	64	2021-09-20
\.


--
-- TOC entry 3390 (class 0 OID 1172025)
-- Dependencies: 206
-- Data for Name: imovel; Type: TABLE DATA; Schema: public; Owner: -
--

COPY public.imovel (id, nome, pessoa_id, cep, rua, cidade_id, estado_id, complemento, valor) FROM stdin;
\.


--
-- TOC entry 3382 (class 0 OID 1171970)
-- Dependencies: 198
-- Data for Name: migration; Type: TABLE DATA; Schema: public; Owner: -
--

COPY public.migration (version, apply_time) FROM stdin;
m000000_000000_base	1560775864
m190521_011435_estado	1560775870
m190521_011442_insert_estados	1560775873
m190521_011443_cidade	1560775876
m190521_011444_insert_cidades	1560775879
m190521_011445_pessoa	1560775882
m190521_011446_imovel	1560775886
\.


--
-- TOC entry 3388 (class 0 OID 1172004)
-- Dependencies: 204
-- Data for Name: pessoa; Type: TABLE DATA; Schema: public; Owner: -
--

COPY public.pessoa (id, nome, cpf, cep, rua, cidade_id, estado_id, profissao, complemento) FROM stdin;
\.


--
-- TOC entry 3401 (class 0 OID 0)
-- Dependencies: 201
-- Name: cidade_id_seq; Type: SEQUENCE SET; Schema: public; Owner: -
--

SELECT pg_catalog.setval('public.cidade_id_seq', 1, false);


--
-- TOC entry 3402 (class 0 OID 0)
-- Dependencies: 199
-- Name: estado_id_seq; Type: SEQUENCE SET; Schema: public; Owner: -
--

SELECT pg_catalog.setval('public.estado_id_seq', 1, false);


--
-- TOC entry 3403 (class 0 OID 0)
-- Dependencies: 196
-- Name: games_id_seq; Type: SEQUENCE SET; Schema: public; Owner: -
--

SELECT pg_catalog.setval('public.games_id_seq', 387, true);


--
-- TOC entry 3404 (class 0 OID 0)
-- Dependencies: 205
-- Name: imovel_id_seq; Type: SEQUENCE SET; Schema: public; Owner: -
--

SELECT pg_catalog.setval('public.imovel_id_seq', 1, false);


--
-- TOC entry 3405 (class 0 OID 0)
-- Dependencies: 203
-- Name: pessoa_id_seq; Type: SEQUENCE SET; Schema: public; Owner: -
--

SELECT pg_catalog.setval('public.pessoa_id_seq', 2, true);


--
-- TOC entry 3248 (class 2606 OID 1171996)
-- Name: cidade cidade_pkey; Type: CONSTRAINT; Schema: public; Owner: -
--

ALTER TABLE ONLY public.cidade
    ADD CONSTRAINT cidade_pkey PRIMARY KEY (id);


--
-- TOC entry 3246 (class 2606 OID 1171985)
-- Name: estado estado_pkey; Type: CONSTRAINT; Schema: public; Owner: -
--

ALTER TABLE ONLY public.estado
    ADD CONSTRAINT estado_pkey PRIMARY KEY (id);


--
-- TOC entry 3242 (class 2606 OID 1148385)
-- Name: games games_pkey; Type: CONSTRAINT; Schema: public; Owner: -
--

ALTER TABLE ONLY public.games
    ADD CONSTRAINT games_pkey PRIMARY KEY (id);


--
-- TOC entry 3252 (class 2606 OID 1172033)
-- Name: imovel imovel_pkey; Type: CONSTRAINT; Schema: public; Owner: -
--

ALTER TABLE ONLY public.imovel
    ADD CONSTRAINT imovel_pkey PRIMARY KEY (id);


--
-- TOC entry 3244 (class 2606 OID 1171974)
-- Name: migration migration_pkey; Type: CONSTRAINT; Schema: public; Owner: -
--

ALTER TABLE ONLY public.migration
    ADD CONSTRAINT migration_pkey PRIMARY KEY (version);


--
-- TOC entry 3250 (class 2606 OID 1172012)
-- Name: pessoa pessoa_pkey; Type: CONSTRAINT; Schema: public; Owner: -
--

ALTER TABLE ONLY public.pessoa
    ADD CONSTRAINT pessoa_pkey PRIMARY KEY (id);


--
-- TOC entry 3253 (class 2606 OID 1171997)
-- Name: cidade cidade_estado; Type: FK CONSTRAINT; Schema: public; Owner: -
--

ALTER TABLE ONLY public.cidade
    ADD CONSTRAINT cidade_estado FOREIGN KEY (estado_id) REFERENCES public.estado(id);


--
-- TOC entry 3256 (class 2606 OID 1172034)
-- Name: imovel imovel_cidade; Type: FK CONSTRAINT; Schema: public; Owner: -
--

ALTER TABLE ONLY public.imovel
    ADD CONSTRAINT imovel_cidade FOREIGN KEY (cidade_id) REFERENCES public.cidade(id);


--
-- TOC entry 3257 (class 2606 OID 1172039)
-- Name: imovel imovel_estado; Type: FK CONSTRAINT; Schema: public; Owner: -
--

ALTER TABLE ONLY public.imovel
    ADD CONSTRAINT imovel_estado FOREIGN KEY (estado_id) REFERENCES public.estado(id);


--
-- TOC entry 3258 (class 2606 OID 1172044)
-- Name: imovel imovel_pessoa; Type: FK CONSTRAINT; Schema: public; Owner: -
--

ALTER TABLE ONLY public.imovel
    ADD CONSTRAINT imovel_pessoa FOREIGN KEY (pessoa_id) REFERENCES public.pessoa(id);


--
-- TOC entry 3254 (class 2606 OID 1172013)
-- Name: pessoa pessoa_cidade; Type: FK CONSTRAINT; Schema: public; Owner: -
--

ALTER TABLE ONLY public.pessoa
    ADD CONSTRAINT pessoa_cidade FOREIGN KEY (cidade_id) REFERENCES public.cidade(id);


--
-- TOC entry 3255 (class 2606 OID 1172018)
-- Name: pessoa pessoa_estado; Type: FK CONSTRAINT; Schema: public; Owner: -
--

ALTER TABLE ONLY public.pessoa
    ADD CONSTRAINT pessoa_estado FOREIGN KEY (estado_id) REFERENCES public.estado(id);


-- Completed on 2022-07-06 09:11:25

--
-- PostgreSQL database dump complete
--

